[{"id":2,"title":"Sauron","date_string":"1987-08-07","created_at":"2020-06-17T18:20:39.011Z","updated_at":"2020-06-17T18:20:39.016Z","tag_list":["amet","optio","similique","consequatur","voluptatem","ducimus","rerum"],"tagged_person_list":["32","81","82","95"]},{"id":3,"title":"Glorfindel","date_string":"","created_at":"2020-06-17T18:20:39.117Z","updated_at":"2020-06-17T18:20:39.122Z","tag_list":["similique","optio","voluptatem","ducimus"],"tagged_person_list":["2","76","55"]},{"id":4,"title":"Théoden","date_string":"","created_at":"2020-06-17T18:20:39.194Z","updated_at":"2020-06-17T18:20:39.199Z","tag_list":["amet","rerum"],"tagged_person_list":["62"]},{"id":5,"title":"Meriadoc Brandybuck","date_string":"","created_at":"2020-06-17T18:20:39.241Z","updated_at":"2020-06-17T18:20:39.245Z","tag_list":["repudiandae","rerum"],"tagged_person_list":["88","14","26"]},{"id":6,"title":"Barliman Butterbur","date_string":"","created_at":"2020-06-17T18:20:39.305Z","updated_at":"2020-06-17T18:20:39.311Z","tag_list":["praesentium","ducimus","optio","rerum"],"tagged_person_list":["28","24","77","62"]},{"id":7,"title":"Boromir","date_string":"","created_at":"2020-06-17T18:20:39.384Z","updated_at":"2020-06-17T18:20:39.388Z","tag_list":["praesentium","rerum","consequatur","ducimus","suscipit"],"tagged_person_list":[]},{"id":8,"title":"Glorfindel","date_string":"1926-12-24","created_at":"2020-06-17T18:20:39.443Z","updated_at":"2020-06-17T18:20:39.448Z","tag_list":["suscipit","ducimus","praesentium","similique","optio","voluptatem","consequatur","repudiandae","amet"],"tagged_person_list":["3","40"]},{"id":9,"title":"Tom Bombadil","date_string":"","created_at":"2020-06-17T18:20:39.564Z","updated_at":"2020-06-17T18:20:39.569Z","tag_list":["repudiandae","amet","ducimus"],"tagged_person_list":["27","91","97","65"]},{"id":10,"title":"Gandalf the Grey","date_string":"","created_at":"2020-06-17T18:20:39.655Z","updated_at":"2020-06-17T18:20:39.660Z","tag_list":["similique"],"tagged_person_list":["62"]},{"id":11,"title":"Aragorn","date_string":"1992-07-29","created_at":"2020-06-17T18:20:39.692Z","updated_at":"2020-06-17T18:20:39.696Z","tag_list":["praesentium","amet","rerum"],"tagged_person_list":["42","67","9","17"]},{"id":12,"title":"Glorfindel","date_string":"","created_at":"2020-06-17T18:20:39.767Z","updated_at":"2020-06-17T18:20:39.772Z","tag_list":["consequatur","repudiandae","rerum","similique","praesentium","suscipit"],"tagged_person_list":["44","45","9"]},{"id":13,"title":"Elrond","date_string":"2003-01-09","created_at":"2020-06-17T18:20:39.862Z","updated_at":"2020-06-17T18:20:39.867Z","tag_list":["praesentium","optio","consequatur","voluptatem","ducimus","suscipit"],"tagged_person_list":["96","79","45"]},{"id":14,"title":"Samwise Gamgee","date_string":"","created_at":"2020-06-17T18:20:39.951Z","updated_at":"2020-06-17T18:20:39.956Z","tag_list":["suscipit","consequatur","voluptatem","repudiandae","amet","ducimus"],"tagged_person_list":["13"]},{"id":15,"title":"Quickbeam","date_string":"1995-02-03","created_at":"2020-06-17T18:20:40.022Z","updated_at":"2020-06-17T18:20:40.027Z","tag_list":[],"tagged_person_list":["28","24","40","84"]},{"id":16,"title":"Saruman the White","date_string":"1991-02-04","created_at":"2020-06-17T18:20:40.078Z","updated_at":"2020-06-17T18:20:40.084Z","tag_list":["suscipit","optio","amet","consequatur","similique","voluptatem","ducimus","rerum","repudiandae"],"tagged_person_list":["68","34","83"]},{"id":17,"title":"Treebeard","date_string":"1974-12-02","created_at":"2020-06-17T18:20:40.206Z","updated_at":"2020-06-17T18:20:40.212Z","tag_list":["repudiandae","similique","praesentium"],"tagged_person_list":["3","27"]},{"id":18,"title":"Barliman Butterbur","date_string":"2019-10-22","created_at":"2020-06-17T18:20:40.265Z","updated_at":"2020-06-17T18:20:40.271Z","tag_list":["amet","optio","suscipit"],"tagged_person_list":["46","68","13","41"]},{"id":19,"title":"Barliman Butterbur","date_string":"","created_at":"2020-06-17T18:20:40.343Z","updated_at":"2020-06-17T18:20:40.347Z","tag_list":["repudiandae","praesentium","ducimus","consequatur","optio","similique","amet"],"tagged_person_list":[]},{"id":20,"title":"Meriadoc Brandybuck","date_string":"","created_at":"2020-06-17T18:20:40.408Z","updated_at":"2020-06-17T18:20:40.412Z","tag_list":["amet","repudiandae","rerum","optio","consequatur","ducimus","suscipit","similique"],"tagged_person_list":[]},{"id":21,"title":"Shelob","date_string":"","created_at":"2020-06-17T18:20:40.483Z","updated_at":"2020-06-17T18:20:40.488Z","tag_list":[],"tagged_person_list":["77"]},{"id":22,"title":"Aragorn","date_string":"1930-07-31","created_at":"2020-06-17T18:20:40.512Z","updated_at":"2020-06-17T18:20:40.517Z","tag_list":["amet","praesentium","repudiandae","rerum","optio","voluptatem","ducimus"],"tagged_person_list":["71"]},{"id":23,"title":"Faramir","date_string":"1930-04-12","created_at":"2020-06-17T18:20:40.592Z","updated_at":"2020-06-17T18:20:40.597Z","tag_list":["consequatur"],"tagged_person_list":["82","40","17","87"]},{"id":24,"title":"Beregond","date_string":"1960-08-12","created_at":"2020-06-17T18:20:40.650Z","updated_at":"2020-06-17T18:20:40.655Z","tag_list":["amet","praesentium","repudiandae","consequatur","voluptatem","ducimus","similique"],"tagged_person_list":["48","66","31","9"]},{"id":25,"title":"Shelob","date_string":"","created_at":"2020-06-17T18:20:40.764Z","updated_at":"2020-06-17T18:20:40.770Z","tag_list":["optio"],"tagged_person_list":["52","50","9"]},{"id":26,"title":"Bilbo Baggins","date_string":"1962-03-23","created_at":"2020-06-17T18:20:40.823Z","updated_at":"2020-06-17T18:20:40.828Z","tag_list":["amet","praesentium","rerum","optio","consequatur","voluptatem","ducimus","suscipit","similique"],"tagged_person_list":["6","83"]},{"id":27,"title":"Legolas","date_string":"2013-05-26","created_at":"2020-06-17T18:20:40.933Z","updated_at":"2020-06-17T18:20:40.939Z","tag_list":["optio","amet","similique","repudiandae","voluptatem","consequatur","ducimus","suscipit","praesentium"],"tagged_person_list":["25","42","55","92"]},{"id":28,"title":"Treebeard","date_string":"1975-08-02","created_at":"2020-06-17T18:20:41.057Z","updated_at":"2020-06-17T18:20:41.061Z","tag_list":["optio","consequatur","voluptatem","ducimus","suscipit"],"tagged_person_list":["34","8","7","69"]},{"id":29,"title":"Barliman Butterbur","date_string":"","created_at":"2020-06-17T18:20:41.149Z","updated_at":"2020-06-17T18:20:41.154Z","tag_list":["consequatur"],"tagged_person_list":["6","70"]},{"id":30,"title":"Sauron","date_string":"","created_at":"2020-06-17T18:20:41.194Z","updated_at":"2020-06-17T18:20:41.199Z","tag_list":["optio","suscipit"],"tagged_person_list":["75","67","83","40"]},{"id":31,"title":"Peregrin Took","date_string":"","created_at":"2020-06-17T18:20:41.267Z","updated_at":"2020-06-17T18:20:41.273Z","tag_list":["repudiandae","ducimus"],"tagged_person_list":["40","84"]},{"id":32,"title":"Quickbeam","date_string":"","created_at":"2020-06-17T18:20:41.328Z","updated_at":"2020-06-17T18:20:41.334Z","tag_list":[],"tagged_person_list":[]},{"id":33,"title":"Bilbo Baggins","date_string":"","created_at":"2020-06-17T18:20:41.351Z","updated_at":"2020-06-17T18:20:41.358Z","tag_list":["praesentium","repudiandae","rerum","optio","consequatur","ducimus","similique"],"tagged_person_list":["73","84"]},{"id":34,"title":"Frodo Baggins","date_string":"1954-05-15","created_at":"2020-06-17T18:20:41.441Z","updated_at":"2020-06-17T18:20:41.446Z","tag_list":["amet","praesentium","rerum","optio","consequatur","voluptatem","ducimus","suscipit","similique"],"tagged_person_list":["28"]},{"id":35,"title":"Meriadoc Brandybuck","date_string":"","created_at":"2020-06-17T18:20:41.535Z","updated_at":"2020-06-17T18:20:41.539Z","tag_list":[],"tagged_person_list":["29"]},{"id":36,"title":"Frodo Baggins","date_string":"1988-03-22","created_at":"2020-06-17T18:20:41.563Z","updated_at":"2020-06-17T18:20:41.568Z","tag_list":["amet","praesentium","rerum","consequatur","voluptatem"],"tagged_person_list":["73","66","24"]},{"id":37,"title":"Samwise Gamgee","date_string":"1938-10-02","created_at":"2020-06-17T18:20:41.645Z","updated_at":"2020-06-17T18:20:41.649Z","tag_list":[],"tagged_person_list":["98"]},{"id":38,"title":"Shadowfax","date_string":"","created_at":"2020-06-17T18:20:41.677Z","updated_at":"2020-06-17T18:20:41.682Z","tag_list":["amet","praesentium","rerum","optio","consequatur","suscipit","similique"],"tagged_person_list":[]},{"id":39,"title":"Shadowfax","date_string":"1996-06-10","created_at":"2020-06-17T18:20:41.755Z","updated_at":"2020-06-17T18:20:41.761Z","tag_list":["amet","praesentium","consequatur","ducimus","similique"],"tagged_person_list":["46","82"]},{"id":40,"title":"Elrond","date_string":"1989-04-23","created_at":"2020-06-17T18:20:41.830Z","updated_at":"2020-06-17T18:20:41.835Z","tag_list":["repudiandae"],"tagged_person_list":["90","39","93","26"]},{"id":41,"title":"Boromir","date_string":"","created_at":"2020-06-17T18:20:41.897Z","updated_at":"2020-06-17T18:20:41.902Z","tag_list":["amet","praesentium","repudiandae","rerum","optio","consequatur","voluptatem"],"tagged_person_list":["50","22"]},{"id":42,"title":"Boromir","date_string":"","created_at":"2020-06-17T18:20:42.015Z","updated_at":"2020-06-17T18:20:42.023Z","tag_list":["optio"],"tagged_person_list":["14"]},{"id":43,"title":"Sauron","date_string":"1939-05-11","created_at":"2020-06-17T18:20:42.065Z","updated_at":"2020-06-17T18:20:42.071Z","tag_list":["amet","praesentium","consequatur"],"tagged_person_list":["9","49","92","33"]},{"id":44,"title":"Meriadoc Brandybuck","date_string":"1962-06-07","created_at":"2020-06-17T18:20:42.164Z","updated_at":"2020-06-17T18:20:42.171Z","tag_list":["amet","ducimus"],"tagged_person_list":[]},{"id":45,"title":"Shadowfax","date_string":"1957-04-28","created_at":"2020-06-17T18:20:42.219Z","updated_at":"2020-06-17T18:20:42.227Z","tag_list":["praesentium","repudiandae","rerum","ducimus","similique"],"tagged_person_list":[]},{"id":46,"title":"Treebeard","date_string":"1931-09-29","created_at":"2020-06-17T18:20:42.298Z","updated_at":"2020-06-17T18:20:42.304Z","tag_list":["praesentium","repudiandae","consequatur","voluptatem","suscipit","similique"],"tagged_person_list":["21","16","95"]},{"id":47,"title":"Sauron","date_string":"","created_at":"2020-06-17T18:20:42.408Z","updated_at":"2020-06-17T18:20:42.413Z","tag_list":["amet","repudiandae","rerum","optio","consequatur","ducimus","suscipit","similique"],"tagged_person_list":["29"]},{"id":48,"title":"Aragorn","date_string":"2010-08-23","created_at":"2020-06-17T18:20:42.493Z","updated_at":"2020-06-17T18:20:42.498Z","tag_list":["praesentium","rerum","consequatur","ducimus","similique"],"tagged_person_list":[]},{"id":49,"title":"Sauron","date_string":"1982-03-17","created_at":"2020-06-17T18:20:42.555Z","updated_at":"2020-06-17T18:20:42.560Z","tag_list":["amet","repudiandae","optio","ducimus"],"tagged_person_list":[]},{"id":50,"title":"Frodo Baggins","date_string":"1999-09-12","created_at":"2020-06-17T18:20:42.609Z","updated_at":"2020-06-17T18:20:42.614Z","tag_list":["praesentium","voluptatem","ducimus","similique"],"tagged_person_list":["90","4","45","77"]},{"id":1,"title":"Frodo Baggins","date_string":"1944-11-06","created_at":"2020-06-17T18:20:38.898Z","updated_at":"2020-06-17T18:26:52.467Z","tag_list":["ducimus","rerum","praesentium","voluptatem","consequatur","repudiandae","amet"],"tagged_person_list":["23"]}]