[{"id":1,"first_name":"Antony","last_name":"O'Kon","alternate_names":null,"gender":"Male","birth_date_string":null,"death_date_string":"1983-11-08","birthplace":null,"burialplace":"Port Kareem, Guernsey","father_id":null,"mother_id":null,"current_spouse_id":null,"created_at":"2020-06-17T18:20:17.765Z","updated_at":"2020-06-17T18:20:17.787Z","bio":"That's good. Go on, read some more.","deathplace":null,"burial_date_string":null,"probably_alive":false},{"id":2,"first_name":"Winter","last_name":"Bednar","alternate_names":null,"gender":"Female","birth_date_string":null,"death_date_string":"2012-10-16","birthplace":null,"burialplace":"Port Donnellmouth, Tokelau","father_id":null,"mother_id":null,"current_spouse_id":null,"created_at":"2020-06-17T18:20:17.794Z","updated_at":"2020-06-17T18:20:17.803Z","bio":"I love you.","deathplace":null,"burial_date_string":null,"probably_alive":false},{"id":3,"first_name":"Cherie","last_name":"Armstrong","alternate_names":null,"gender":"Female","birth_date_string":"1989-09-11","death_date_string":null,"birthplace":"Hoppeborough, Guadeloupe","burialplace":null,"father_id":null,"mother_id":null,"current_spouse_id":null,"created_at":"2020-06-17T18:20:17.810Z","updated_at":"2020-06-17T18:20:17.818Z","bio":"I don't know.","deathplace":null,"burial_date_string":null,"probably_alive":true},{"id":4,"first_name":"Millicent","last_name":"Fadel","alternate_names":null,"gender":"Female","birth_date_string":null,"death_date_string":null,"birthplace":null,"burialplace":null,"father_id":null,"mother_id":null,"current_spouse_id":null,"created_at":"2020-06-17T18:20:17.825Z","updated_at":"2020-06-17T18:20:17.825Z","bio":"I am confound.","deathplace":null,"burial_date_string":null,"probably_alive":false},{"id":40,"first_name":"Ezequiel","last_name":"Labadie","alternate_names":null,"gender":"Male","birth_date_string":"1921-02-12","death_date_string":null,"birthplace":"Port Jerrellstad, Iran","burialplace":null,"father_id":37,"mother_id":34,"current_spouse_id":null,"created_at":"2020-06-17T18:20:18.435Z","updated_at":"2020-06-17T18:20:18.444Z","bio":"That's good. Go on, read some more.","deathplace":null,"burial_date_string":null,"probably_alive":false},{"id":6,"first_name":"Chester","last_name":"Pacocha","alternate_names":null,"gender":"Male","birth_date_string":"2008-04-01","death_date_string":"2013-04-26","birthplace":"South Marlo, Pakistan","burialplace":"West Ashli, Turkmenistan","father_id":null,"mother_id":null,"current_spouse_id":7,"created_at":"2020-06-17T18:20:17.850Z","updated_at":"2020-06-17T18:20:17.877Z","bio":"I wish I could go with you.","deathplace":null,"burial_date_string":null,"probably_alive":false},{"id":7,"first_name":"Sharla","last_name":"Kessler","alternate_names":null,"gender":"Female","birth_date_string":"2008-05-10","death_date_string":null,"birthplace":"Port Huey, Grenada","burialplace":null,"father_id":null,"mother_id":null,"current_spouse_id":6,"created_at":"2020-06-17T18:20:17.867Z","updated_at":"2020-06-17T18:20:17.883Z","bio":"Hurrah for anarchy! This is the happiest moment of my life.","deathplace":null,"burial_date_string":null,"probably_alive":true},{"id":25,"first_name":"Salvatore","last_name":"Kling","alternate_names":null,"gender":"Male","birth_date_string":"1994-06-02","death_date_string":"2015-02-23","birthplace":"North Minh, Dominica","burialplace":"Johnsside, Luxembourg","father_id":17,"mother_id":18,"current_spouse_id":26,"created_at":"2020-06-17T18:20:18.190Z","updated_at":"2020-06-17T18:20:18.213Z","bio":"I want to go home.","deathplace":null,"burial_date_string":null,"probably_alive":false},{"id":10,"first_name":"Zackary","last_name":"Ratke","alternate_names":null,"gender":"Male","birth_date_string":"1944-09-29","death_date_string":null,"birthplace":"Hellertown, Belarus","burialplace":null,"father_id":6,"mother_id":7,"current_spouse_id":11,"created_at":"2020-06-17T18:20:17.928Z","updated_at":"2020-06-17T18:20:17.956Z","bio":"I forgot something.","deathplace":null,"burial_date_string":null,"probably_alive":true},{"id":11,"first_name":"Tran","last_name":"Cormier","alternate_names":null,"gender":"Female","birth_date_string":null,"death_date_string":"1989-10-08","birthplace":null,"burialplace":"Kossside, Burkina Faso","father_id":null,"mother_id":null,"current_spouse_id":10,"created_at":"2020-06-17T18:20:17.946Z","updated_at":"2020-06-17T18:20:17.964Z","bio":"Happy.","deathplace":null,"burial_date_string":null,"probably_alive":false},{"id":9,"first_name":"Latina","last_name":"Walsh","alternate_names":null,"gender":"Female","birth_date_string":"1991-01-23","death_date_string":null,"birthplace":"North Anyaberg, Kenya","burialplace":null,"father_id":6,"mother_id":7,"current_spouse_id":12,"created_at":"2020-06-17T18:20:17.910Z","updated_at":"2020-06-17T18:20:17.978Z","bio":"Goodnight, my darlings, I'll see you tomorrow.","deathplace":null,"burial_date_string":null,"probably_alive":true},{"id":12,"first_name":"Benedict","last_name":"Watsica","alternate_names":null,"gender":"Male","birth_date_string":"1921-08-17","death_date_string":null,"birthplace":"Port Hubert, Kuwait","burialplace":null,"father_id":null,"mother_id":null,"current_spouse_id":9,"created_at":"2020-06-17T18:20:17.969Z","updated_at":"2020-06-17T18:20:17.984Z","bio":"Hurrah for anarchy! This is the happiest moment of my life.","deathplace":null,"burial_date_string":null,"probably_alive":false},{"id":13,"first_name":"Dion","last_name":"Aufderhar","alternate_names":null,"gender":"Male","birth_date_string":null,"death_date_string":"2000-11-26","birthplace":null,"burialplace":"Douglaston, Svalbard \u0026 Jan Mayen Islands","father_id":12,"mother_id":9,"current_spouse_id":null,"created_at":"2020-06-17T18:20:17.989Z","updated_at":"2020-06-17T18:20:18.007Z","bio":"Am I dying, or is this my birthday?","deathplace":null,"burial_date_string":null,"probably_alive":false},{"id":8,"first_name":"Chanelle","last_name":"McKenzie","alternate_names":null,"gender":"Female","birth_date_string":"1974-04-01","death_date_string":null,"birthplace":"West Thaddeus, Madagascar","burialplace":null,"father_id":6,"mother_id":7,"current_spouse_id":14,"created_at":"2020-06-17T18:20:17.890Z","updated_at":"2020-06-17T18:20:18.021Z","bio":"I wish I could go with you.","deathplace":null,"burial_date_string":null,"probably_alive":true},{"id":14,"first_name":"Connie","last_name":"Nikolaus","alternate_names":null,"gender":"Male","birth_date_string":"1924-06-03","death_date_string":"1943-01-24","birthplace":"Sipesmouth, Dominican Republic","burialplace":"Edmondland, Svalbard \u0026 Jan Mayen Islands","father_id":null,"mother_id":null,"current_spouse_id":8,"created_at":"2020-06-17T18:20:18.013Z","updated_at":"2020-06-17T18:20:18.029Z","bio":"Tape Seinfeld for me.","deathplace":null,"burial_date_string":null,"probably_alive":false},{"id":5,"first_name":"Paris","last_name":"Gottlieb","alternate_names":null,"gender":"Female","birth_date_string":"1986-11-21","death_date_string":"2012-08-22","birthplace":"Boylemouth, American Samoa","burialplace":"Josueville, Wallis and Futuna","father_id":null,"mother_id":null,"current_spouse_id":15,"created_at":"2020-06-17T18:20:17.834Z","updated_at":"2020-06-17T18:20:18.044Z","bio":"My vocabulary did this to me. Your love will let you go on…","deathplace":null,"burial_date_string":null,"probably_alive":false},{"id":15,"first_name":"Abe","last_name":"Feest","alternate_names":null,"gender":"Male","birth_date_string":null,"death_date_string":null,"birthplace":null,"burialplace":null,"father_id":null,"mother_id":null,"current_spouse_id":5,"created_at":"2020-06-17T18:20:18.034Z","updated_at":"2020-06-17T18:20:18.051Z","bio":"I wish I could go with you.","deathplace":null,"burial_date_string":null,"probably_alive":false},{"id":16,"first_name":"Dominga","last_name":"Waters","alternate_names":null,"gender":"Female","birth_date_string":"2001-09-15","death_date_string":null,"birthplace":"Kautzerberg, Grenada","burialplace":null,"father_id":15,"mother_id":5,"current_spouse_id":null,"created_at":"2020-06-17T18:20:18.058Z","updated_at":"2020-06-17T18:20:18.067Z","bio":"I want to go home.","deathplace":null,"burial_date_string":null,"probably_alive":true},{"id":26,"first_name":"Audry","last_name":"Fritsch","alternate_names":null,"gender":"Female","birth_date_string":"1993-07-20","death_date_string":"2019-07-22","birthplace":"Haleyburgh, Syrian Arab Republic","burialplace":"Alvinfurt, Estonia","father_id":null,"mother_id":null,"current_spouse_id":25,"created_at":"2020-06-17T18:20:18.204Z","updated_at":"2020-06-17T18:20:18.220Z","bio":"I wish I could go with you.","deathplace":null,"burial_date_string":null,"probably_alive":false},{"id":17,"first_name":"Caleb","last_name":"Williamson","alternate_names":null,"gender":"Male","birth_date_string":null,"death_date_string":"1987-04-04","birthplace":null,"burialplace":"Mohrberg, Burundi","father_id":15,"mother_id":5,"current_spouse_id":18,"created_at":"2020-06-17T18:20:18.073Z","updated_at":"2020-06-17T18:20:18.095Z","bio":"It's stopped.","deathplace":null,"burial_date_string":null,"probably_alive":false},{"id":18,"first_name":"Lurlene","last_name":"Greenholt","alternate_names":null,"gender":"Female","birth_date_string":"1962-07-08","death_date_string":"2004-02-11","birthplace":"Hermanntown, Austria","burialplace":"Port Aliabury, Senegal","father_id":null,"mother_id":null,"current_spouse_id":17,"created_at":"2020-06-17T18:20:18.087Z","updated_at":"2020-06-17T18:20:18.102Z","bio":"Am I dying, or is this my birthday?","deathplace":null,"burial_date_string":null,"probably_alive":false},{"id":19,"first_name":"Malia","last_name":"Gleichner","alternate_names":null,"gender":"Female","birth_date_string":null,"death_date_string":"1995-06-19","birthplace":null,"burialplace":"New Cyrilville, Cote d'Ivoire","father_id":17,"mother_id":18,"current_spouse_id":null,"created_at":"2020-06-17T18:20:18.108Z","updated_at":"2020-06-17T18:20:18.116Z","bio":"Tape Seinfeld for me.","deathplace":null,"burial_date_string":null,"probably_alive":false},{"id":20,"first_name":"Luna","last_name":"Blick","alternate_names":null,"gender":"Female","birth_date_string":"1959-11-13","death_date_string":null,"birthplace":"New Milan, Turks and Caicos Islands","burialplace":null,"father_id":17,"mother_id":18,"current_spouse_id":null,"created_at":"2020-06-17T18:20:18.122Z","updated_at":"2020-06-17T18:20:18.130Z","bio":"All my possessions for a moment of time.","deathplace":null,"burial_date_string":null,"probably_alive":true},{"id":21,"first_name":"Sammy","last_name":"Schinner","alternate_names":null,"gender":"Male","birth_date_string":null,"death_date_string":null,"birthplace":null,"burialplace":null,"father_id":17,"mother_id":18,"current_spouse_id":null,"created_at":"2020-06-17T18:20:18.135Z","updated_at":"2020-06-17T18:20:18.142Z","bio":"That's good. Go on, read some more.","deathplace":null,"burial_date_string":null,"probably_alive":false},{"id":22,"first_name":"Irvin","last_name":"Nikolaus","alternate_names":null,"gender":"Male","birth_date_string":null,"death_date_string":"1992-09-30","birthplace":null,"burialplace":"West Pedroview, Norway","father_id":17,"mother_id":18,"current_spouse_id":null,"created_at":"2020-06-17T18:20:18.146Z","updated_at":"2020-06-17T18:20:18.154Z","bio":"That's good. Go on, read some more.","deathplace":null,"burial_date_string":null,"probably_alive":false},{"id":35,"first_name":"Enrique","last_name":"Gaylord","alternate_names":null,"gender":"Male","birth_date_string":"2008-02-01","death_date_string":null,"birthplace":"North Larhondabury, Tunisia","burialplace":null,"father_id":23,"mother_id":33,"current_spouse_id":null,"created_at":"2020-06-17T18:20:18.356Z","updated_at":"2020-06-17T18:20:18.364Z","bio":"I want your bunk!","deathplace":null,"burial_date_string":null,"probably_alive":true},{"id":27,"first_name":"Merissa","last_name":"Witting","alternate_names":null,"gender":"Female","birth_date_string":null,"death_date_string":"1975-01-12","birthplace":null,"burialplace":"North Douglass, Liberia","father_id":25,"mother_id":26,"current_spouse_id":null,"created_at":"2020-06-17T18:20:18.226Z","updated_at":"2020-06-17T18:20:18.238Z","bio":"I forgot something.","deathplace":null,"burial_date_string":null,"probably_alive":false},{"id":28,"first_name":"Kathern","last_name":"Quitzon","alternate_names":null,"gender":"Female","birth_date_string":null,"death_date_string":null,"birthplace":null,"burialplace":null,"father_id":25,"mother_id":26,"current_spouse_id":null,"created_at":"2020-06-17T18:20:18.244Z","updated_at":"2020-06-17T18:20:18.251Z","bio":"Strike the tent.","deathplace":null,"burial_date_string":null,"probably_alive":false},{"id":29,"first_name":"Mahalia","last_name":"Hayes","alternate_names":null,"gender":"Female","birth_date_string":"1968-12-02","death_date_string":null,"birthplace":"East Scottberg, Austria","burialplace":null,"father_id":25,"mother_id":26,"current_spouse_id":null,"created_at":"2020-06-17T18:20:18.258Z","updated_at":"2020-06-17T18:20:18.268Z","bio":"Does nobody understand?","deathplace":null,"burial_date_string":null,"probably_alive":true},{"id":24,"first_name":"Scotty","last_name":"Senger","alternate_names":null,"gender":"Male","birth_date_string":"2017-11-09","death_date_string":"2018-09-23","birthplace":"South Libbyton, Anguilla","burialplace":"Lake Hilario, Bangladesh","father_id":17,"mother_id":18,"current_spouse_id":31,"created_at":"2020-06-17T18:20:18.175Z","updated_at":"2020-06-17T18:20:18.298Z","bio":"Yes, it's tough, but not as tough as doing comedy.","deathplace":null,"burial_date_string":null,"probably_alive":false},{"id":31,"first_name":"Jerilyn","last_name":"Schiller","alternate_names":null,"gender":"Female","birth_date_string":null,"death_date_string":"1982-05-25","birthplace":null,"burialplace":"North Ricky, Syrian Arab Republic","father_id":null,"mother_id":null,"current_spouse_id":24,"created_at":"2020-06-17T18:20:18.288Z","updated_at":"2020-06-17T18:20:18.306Z","bio":"I don't know.","deathplace":null,"burial_date_string":null,"probably_alive":false},{"id":46,"first_name":"Myron","last_name":"Kunze","alternate_names":null,"gender":"Male","birth_date_string":"1984-08-24","death_date_string":null,"birthplace":"East Dominickberg, Mexico","burialplace":null,"father_id":null,"mother_id":null,"current_spouse_id":32,"created_at":"2020-06-17T18:20:18.549Z","updated_at":"2020-06-17T18:20:18.565Z","bio":"My vocabulary did this to me. Your love will let you go on…","deathplace":null,"burial_date_string":null,"probably_alive":true},{"id":23,"first_name":"Brock","last_name":"Predovic","alternate_names":null,"gender":"Male","birth_date_string":"1955-02-17","death_date_string":"2012-08-18","birthplace":"Port Garry, Palau","burialplace":"Port Winifred, Virgin Islands, British","father_id":17,"mother_id":18,"current_spouse_id":33,"created_at":"2020-06-17T18:20:18.160Z","updated_at":"2020-06-17T18:20:18.333Z","bio":"You can get anything you want at Alice's restaurant.","deathplace":null,"burial_date_string":null,"probably_alive":false},{"id":33,"first_name":"Kelsi","last_name":"Nienow","alternate_names":null,"gender":"Female","birth_date_string":"1921-05-15","death_date_string":null,"birthplace":"South Shirly, Senegal","burialplace":null,"father_id":null,"mother_id":null,"current_spouse_id":23,"created_at":"2020-06-17T18:20:18.326Z","updated_at":"2020-06-17T18:20:18.339Z","bio":"I'll be in Hell before you start breakfast! Let her rip!","deathplace":null,"burial_date_string":null,"probably_alive":false},{"id":36,"first_name":"Isiah","last_name":"Hintz","alternate_names":null,"gender":"Male","birth_date_string":"1933-11-11","death_date_string":"1954-03-17","birthplace":"South Clifton, Cameroon","burialplace":"East Lissaport, Nicaragua","father_id":23,"mother_id":33,"current_spouse_id":null,"created_at":"2020-06-17T18:20:18.369Z","updated_at":"2020-06-17T18:20:18.377Z","bio":"I regret that I should leave this world without again beholding him.","deathplace":null,"burial_date_string":null,"probably_alive":false},{"id":34,"first_name":"Dominga","last_name":"Buckridge","alternate_names":null,"gender":"Female","birth_date_string":null,"death_date_string":null,"birthplace":null,"burialplace":null,"father_id":23,"mother_id":33,"current_spouse_id":37,"created_at":"2020-06-17T18:20:18.345Z","updated_at":"2020-06-17T18:20:18.390Z","bio":"That's good. Go on, read some more.","deathplace":null,"burial_date_string":null,"probably_alive":false},{"id":37,"first_name":"Tracey","last_name":"Hamill","alternate_names":null,"gender":"Male","birth_date_string":null,"death_date_string":"1984-09-26","birthplace":null,"burialplace":"West Marlaside, Belize","father_id":null,"mother_id":null,"current_spouse_id":34,"created_at":"2020-06-17T18:20:18.383Z","updated_at":"2020-06-17T18:20:18.397Z","bio":"No comment.","deathplace":null,"burial_date_string":null,"probably_alive":false},{"id":38,"first_name":"Bud","last_name":"Pagac","alternate_names":null,"gender":"Male","birth_date_string":"1928-11-05","death_date_string":"1935-05-14","birthplace":"North Harold, Finland","burialplace":"Dennyfort, Vietnam","father_id":37,"mother_id":34,"current_spouse_id":null,"created_at":"2020-06-17T18:20:18.403Z","updated_at":"2020-06-17T18:20:18.414Z","bio":"Van Halen!","deathplace":null,"burial_date_string":null,"probably_alive":false},{"id":39,"first_name":"Parker","last_name":"Dibbert","alternate_names":null,"gender":"Male","birth_date_string":null,"death_date_string":"1997-12-22","birthplace":null,"burialplace":"Hudsonport, Djibouti","father_id":37,"mother_id":34,"current_spouse_id":null,"created_at":"2020-06-17T18:20:18.420Z","updated_at":"2020-06-17T18:20:18.429Z","bio":"I don't know.","deathplace":null,"burial_date_string":null,"probably_alive":false},{"id":44,"first_name":"Alberto","last_name":"Dickinson","alternate_names":null,"gender":"Male","birth_date_string":"1988-09-27","death_date_string":null,"birthplace":"West Lawrence, Botswana","burialplace":null,"father_id":null,"mother_id":null,"current_spouse_id":43,"created_at":"2020-06-17T18:20:18.507Z","updated_at":"2020-06-17T18:20:18.525Z","bio":"Goodnight, my darlings, I'll see you tomorrow.","deathplace":null,"burial_date_string":null,"probably_alive":true},{"id":41,"first_name":"Johnathon","last_name":"Huels","alternate_names":null,"gender":"Male","birth_date_string":null,"death_date_string":null,"birthplace":null,"burialplace":null,"father_id":37,"mother_id":34,"current_spouse_id":42,"created_at":"2020-06-17T18:20:18.451Z","updated_at":"2020-06-17T18:20:18.476Z","bio":"I am confound.","deathplace":null,"burial_date_string":null,"probably_alive":false},{"id":42,"first_name":"Dominque","last_name":"Botsford","alternate_names":null,"gender":"Female","birth_date_string":"1942-05-27","death_date_string":null,"birthplace":"South Nicholeview, Madagascar","burialplace":null,"father_id":null,"mother_id":null,"current_spouse_id":41,"created_at":"2020-06-17T18:20:18.465Z","updated_at":"2020-06-17T18:20:18.483Z","bio":"Happy.","deathplace":null,"burial_date_string":null,"probably_alive":true},{"id":43,"first_name":"Lakita","last_name":"Bogan","alternate_names":null,"gender":"Female","birth_date_string":null,"death_date_string":"2013-12-20","birthplace":null,"burialplace":"Regeniaside, Montenegro","father_id":41,"mother_id":42,"current_spouse_id":44,"created_at":"2020-06-17T18:20:18.490Z","updated_at":"2020-06-17T18:20:18.518Z","bio":"I am confound.","deathplace":null,"burial_date_string":null,"probably_alive":false},{"id":45,"first_name":"Chauncey","last_name":"Crooks","alternate_names":null,"gender":"Male","birth_date_string":null,"death_date_string":"1988-04-12","birthplace":null,"burialplace":"Champlinville, Ukraine","father_id":44,"mother_id":43,"current_spouse_id":null,"created_at":"2020-06-17T18:20:18.533Z","updated_at":"2020-06-17T18:20:18.542Z","bio":"I wish I could go with you.","deathplace":null,"burial_date_string":null,"probably_alive":false},{"id":32,"first_name":"Joellen","last_name":"Jakubowski","alternate_names":null,"gender":"Female","birth_date_string":"1935-03-27","death_date_string":null,"birthplace":"Lakinville, Djibouti","burialplace":null,"father_id":24,"mother_id":31,"current_spouse_id":46,"created_at":"2020-06-17T18:20:18.312Z","updated_at":"2020-06-17T18:20:18.558Z","bio":"I went the distance.","deathplace":null,"burial_date_string":null,"probably_alive":true},{"id":47,"first_name":"Ed","last_name":"Keeling","alternate_names":null,"gender":"Male","birth_date_string":"1925-02-22","death_date_string":null,"birthplace":"Vitachester, Paraguay","burialplace":null,"father_id":46,"mother_id":32,"current_spouse_id":null,"created_at":"2020-06-17T18:20:18.572Z","updated_at":"2020-06-17T18:20:18.580Z","bio":"Goodnight, my darlings, I'll see you tomorrow.","deathplace":null,"burial_date_string":null,"probably_alive":false},{"id":48,"first_name":"Dominick","last_name":"Jacobi","alternate_names":null,"gender":"Male","birth_date_string":"1933-01-20","death_date_string":null,"birthplace":"North Elwoodberg, Wallis and Futuna","burialplace":null,"father_id":46,"mother_id":32,"current_spouse_id":null,"created_at":"2020-06-17T18:20:18.586Z","updated_at":"2020-06-17T18:20:18.596Z","bio":"I don't know.","deathplace":null,"burial_date_string":null,"probably_alive":true},{"id":49,"first_name":"Fabian","last_name":"Bogan","alternate_names":null,"gender":"Male","birth_date_string":null,"death_date_string":"1979-03-24","birthplace":null,"burialplace":"Kassulkeshire, Tanzania","father_id":46,"mother_id":32,"current_spouse_id":null,"created_at":"2020-06-17T18:20:18.602Z","updated_at":"2020-06-17T18:20:18.612Z","bio":"I love you too, honey. Good luck with your show.","deathplace":null,"burial_date_string":null,"probably_alive":false},{"id":30,"first_name":"Veda","last_name":"Fisher","alternate_names":null,"gender":"Female","birth_date_string":null,"death_date_string":null,"birthplace":null,"burialplace":null,"father_id":25,"mother_id":26,"current_spouse_id":50,"created_at":"2020-06-17T18:20:18.275Z","updated_at":"2020-06-17T18:20:18.627Z","bio":"That was the best ice-cream soda I ever tasted.","deathplace":null,"burial_date_string":null,"probably_alive":false},{"id":50,"first_name":"Reynaldo","last_name":"Durgan","alternate_names":null,"gender":"Male","birth_date_string":"2001-05-05","death_date_string":null,"birthplace":"Borertown, Central African Republic","burialplace":null,"father_id":null,"mother_id":null,"current_spouse_id":30,"created_at":"2020-06-17T18:20:18.618Z","updated_at":"2020-06-17T18:20:18.634Z","bio":"That's good. Go on, read some more.","deathplace":null,"burial_date_string":null,"probably_alive":true},{"id":70,"first_name":"Caleb","last_name":"Turcotte","alternate_names":null,"gender":"Male","birth_date_string":null,"death_date_string":null,"birthplace":null,"burialplace":null,"father_id":54,"mother_id":68,"current_spouse_id":71,"created_at":"2020-06-17T18:20:18.949Z","updated_at":"2020-06-17T18:20:18.973Z","bio":"Am I dying, or is this my birthday?","deathplace":null,"burial_date_string":null,"probably_alive":false},{"id":51,"first_name":"Aaron","last_name":"Hoeger","alternate_names":null,"gender":"Male","birth_date_string":"1993-04-05","death_date_string":null,"birthplace":"West Zelmachester, South Georgia and the South Sandwich Islands","burialplace":null,"father_id":50,"mother_id":30,"current_spouse_id":52,"created_at":"2020-06-17T18:20:18.641Z","updated_at":"2020-06-17T18:20:18.665Z","bio":"Goodnight, my darlings, I'll see you tomorrow.","deathplace":null,"burial_date_string":null,"probably_alive":true},{"id":52,"first_name":"Donna","last_name":"Stroman","alternate_names":null,"gender":"Female","birth_date_string":null,"death_date_string":null,"birthplace":null,"burialplace":null,"father_id":null,"mother_id":null,"current_spouse_id":51,"created_at":"2020-06-17T18:20:18.656Z","updated_at":"2020-06-17T18:20:18.672Z","bio":"Van Halen!","deathplace":null,"burial_date_string":null,"probably_alive":false},{"id":53,"first_name":"Tamekia","last_name":"Kiehn","alternate_names":null,"gender":"Female","birth_date_string":null,"death_date_string":null,"birthplace":null,"burialplace":null,"father_id":51,"mother_id":52,"current_spouse_id":null,"created_at":"2020-06-17T18:20:18.678Z","updated_at":"2020-06-17T18:20:18.686Z","bio":"You can get anything you want at Alice's restaurant.","deathplace":null,"burial_date_string":null,"probably_alive":false},{"id":71,"first_name":"Mattie","last_name":"Medhurst","alternate_names":null,"gender":"Female","birth_date_string":null,"death_date_string":null,"birthplace":null,"burialplace":null,"father_id":null,"mother_id":null,"current_spouse_id":70,"created_at":"2020-06-17T18:20:18.964Z","updated_at":"2020-06-17T18:20:18.979Z","bio":"That's good. Go on, read some more.","deathplace":null,"burial_date_string":null,"probably_alive":false},{"id":55,"first_name":"Nadene","last_name":"Roob","alternate_names":null,"gender":"Female","birth_date_string":null,"death_date_string":null,"birthplace":null,"burialplace":null,"father_id":51,"mother_id":52,"current_spouse_id":null,"created_at":"2020-06-17T18:20:18.706Z","updated_at":"2020-06-17T18:20:18.716Z","bio":"Hurrah for anarchy! This is the happiest moment of my life.","deathplace":null,"burial_date_string":null,"probably_alive":false},{"id":56,"first_name":"Erinn","last_name":"Hyatt","alternate_names":null,"gender":"Female","birth_date_string":"1969-02-23","death_date_string":null,"birthplace":"New Wyatt, Antigua and Barbuda","burialplace":null,"father_id":51,"mother_id":52,"current_spouse_id":null,"created_at":"2020-06-17T18:20:18.722Z","updated_at":"2020-06-17T18:20:18.731Z","bio":"Is it not meningitis?","deathplace":null,"burial_date_string":null,"probably_alive":true},{"id":57,"first_name":"Doreatha","last_name":"Donnelly","alternate_names":null,"gender":"Female","birth_date_string":"1967-12-23","death_date_string":"2005-03-02","birthplace":"Kuhicport, Zimbabwe","burialplace":"East Jessialand, Jamaica","father_id":51,"mother_id":52,"current_spouse_id":null,"created_at":"2020-06-17T18:20:18.739Z","updated_at":"2020-06-17T18:20:18.748Z","bio":"You can get anything you want at Alice's restaurant.","deathplace":null,"burial_date_string":null,"probably_alive":false},{"id":58,"first_name":"Jean","last_name":"Leuschke","alternate_names":null,"gender":"Male","birth_date_string":"1984-09-29","death_date_string":null,"birthplace":"East Raina, Dominica","burialplace":null,"father_id":51,"mother_id":52,"current_spouse_id":59,"created_at":"2020-06-17T18:20:18.754Z","updated_at":"2020-06-17T18:20:18.775Z","bio":"One! Two! Three!","deathplace":null,"burial_date_string":null,"probably_alive":true},{"id":59,"first_name":"Jesse","last_name":"Kunde","alternate_names":null,"gender":"Female","birth_date_string":null,"death_date_string":null,"birthplace":null,"burialplace":null,"father_id":null,"mother_id":null,"current_spouse_id":58,"created_at":"2020-06-17T18:20:18.766Z","updated_at":"2020-06-17T18:20:18.780Z","bio":"I wish I could go with you.","deathplace":null,"burial_date_string":null,"probably_alive":false},{"id":60,"first_name":"Barrie","last_name":"Klein","alternate_names":null,"gender":"Female","birth_date_string":"1989-12-24","death_date_string":null,"birthplace":"Joannaland, Madagascar","burialplace":null,"father_id":58,"mother_id":59,"current_spouse_id":null,"created_at":"2020-06-17T18:20:18.784Z","updated_at":"2020-06-17T18:20:18.791Z","bio":"Is it not meningitis?","deathplace":null,"burial_date_string":null,"probably_alive":true},{"id":72,"first_name":"Ken","last_name":"Ebert","alternate_names":null,"gender":"Male","birth_date_string":"2020-01-22","death_date_string":"2020-04-07","birthplace":"Lake Jasper, British Indian Ocean Territory (Chagos Archipelago)","burialplace":"North Rodrickport, Spain","father_id":70,"mother_id":71,"current_spouse_id":null,"created_at":"2020-06-17T18:20:18.984Z","updated_at":"2020-06-17T18:20:18.994Z","bio":"Tape Seinfeld for me.","deathplace":null,"burial_date_string":null,"probably_alive":false},{"id":63,"first_name":"Jack","last_name":"Kunze","alternate_names":null,"gender":"Female","birth_date_string":"1995-03-12","death_date_string":null,"birthplace":"North Sina, Angola","burialplace":null,"father_id":58,"mother_id":59,"current_spouse_id":null,"created_at":"2020-06-17T18:20:18.822Z","updated_at":"2020-06-17T18:20:18.829Z","bio":"I want to go home.","deathplace":null,"burial_date_string":null,"probably_alive":true},{"id":62,"first_name":"Jarvis","last_name":"Kris","alternate_names":null,"gender":"Male","birth_date_string":"1997-12-20","death_date_string":"1999-04-12","birthplace":"West Kayceberg, Cote d'Ivoire","burialplace":"North Ricky, Congo","father_id":58,"mother_id":59,"current_spouse_id":64,"created_at":"2020-06-17T18:20:18.807Z","updated_at":"2020-06-17T18:20:18.844Z","bio":"One! Two! Three!","deathplace":null,"burial_date_string":null,"probably_alive":false},{"id":64,"first_name":"Laurie","last_name":"Sanford","alternate_names":null,"gender":"Female","birth_date_string":null,"death_date_string":null,"birthplace":null,"burialplace":null,"father_id":null,"mother_id":null,"current_spouse_id":62,"created_at":"2020-06-17T18:20:18.836Z","updated_at":"2020-06-17T18:20:18.849Z","bio":"One! Two! Three!","deathplace":null,"burial_date_string":null,"probably_alive":false},{"id":73,"first_name":"Van","last_name":"Kautzer","alternate_names":null,"gender":"Male","birth_date_string":null,"death_date_string":null,"birthplace":null,"burialplace":null,"father_id":70,"mother_id":71,"current_spouse_id":null,"created_at":"2020-06-17T18:20:19.000Z","updated_at":"2020-06-17T18:20:19.008Z","bio":"Does nobody understand?","deathplace":null,"burial_date_string":null,"probably_alive":false},{"id":61,"first_name":"Geoffrey","last_name":"Herzog","alternate_names":null,"gender":"Male","birth_date_string":null,"death_date_string":null,"birthplace":null,"burialplace":null,"father_id":58,"mother_id":59,"current_spouse_id":66,"created_at":"2020-06-17T18:20:18.797Z","updated_at":"2020-06-17T18:20:18.878Z","bio":"I regret that I should leave this world without again beholding him.","deathplace":null,"burial_date_string":null,"probably_alive":false},{"id":66,"first_name":"Natalya","last_name":"Murphy","alternate_names":null,"gender":"Female","birth_date_string":null,"death_date_string":"1986-02-15","birthplace":null,"burialplace":"Lake Amoshaven, Togo","father_id":null,"mother_id":null,"current_spouse_id":61,"created_at":"2020-06-17T18:20:18.870Z","updated_at":"2020-06-17T18:20:18.885Z","bio":"That's good. Go on, read some more.","deathplace":null,"burial_date_string":null,"probably_alive":false},{"id":65,"first_name":"Dani","last_name":"Gerhold","alternate_names":null,"gender":"Female","birth_date_string":"1956-03-28","death_date_string":"2005-08-04","birthplace":"Randelltown, Sudan","burialplace":"Lisabethville, Colombia","father_id":62,"mother_id":64,"current_spouse_id":67,"created_at":"2020-06-17T18:20:18.854Z","updated_at":"2020-06-17T18:20:18.901Z","bio":"It's stopped.","deathplace":null,"burial_date_string":null,"probably_alive":false},{"id":67,"first_name":"Brooks","last_name":"Corkery","alternate_names":null,"gender":"Male","birth_date_string":null,"death_date_string":"1982-03-22","birthplace":null,"burialplace":"Mohrville, Heard Island and McDonald Islands","father_id":null,"mother_id":null,"current_spouse_id":65,"created_at":"2020-06-17T18:20:18.892Z","updated_at":"2020-06-17T18:20:18.907Z","bio":"Am I dying, or is this my birthday?","deathplace":null,"burial_date_string":null,"probably_alive":false},{"id":54,"first_name":"Reggie","last_name":"Mann","alternate_names":null,"gender":"Male","birth_date_string":null,"death_date_string":"1999-06-15","birthplace":null,"burialplace":"East Jolineport, Malawi","father_id":51,"mother_id":52,"current_spouse_id":68,"created_at":"2020-06-17T18:20:18.691Z","updated_at":"2020-06-17T18:20:18.922Z","bio":"I don't think they even heard me.","deathplace":null,"burial_date_string":null,"probably_alive":false},{"id":68,"first_name":"Naida","last_name":"Walker","alternate_names":null,"gender":"Female","birth_date_string":null,"death_date_string":"2005-03-31","birthplace":null,"burialplace":"North Rosalindamouth, Seychelles","father_id":null,"mother_id":null,"current_spouse_id":54,"created_at":"2020-06-17T18:20:18.913Z","updated_at":"2020-06-17T18:20:18.929Z","bio":"I wish I could go with you.","deathplace":null,"burial_date_string":null,"probably_alive":false},{"id":82,"first_name":"Elva","last_name":"Lang","alternate_names":null,"gender":"Female","birth_date_string":"1988-02-14","death_date_string":null,"birthplace":"North Caleb, Guatemala","burialplace":null,"father_id":80,"mother_id":78,"current_spouse_id":83,"created_at":"2020-06-17T18:20:19.154Z","updated_at":"2020-06-17T18:20:19.178Z","bio":"Hurrah for anarchy! This is the happiest moment of my life.","deathplace":null,"burial_date_string":null,"probably_alive":true},{"id":83,"first_name":"Norman","last_name":"Kassulke","alternate_names":null,"gender":"Male","birth_date_string":null,"death_date_string":null,"birthplace":null,"burialplace":null,"father_id":null,"mother_id":null,"current_spouse_id":82,"created_at":"2020-06-17T18:20:19.169Z","updated_at":"2020-06-17T18:20:19.185Z","bio":"All my possessions for a moment of time.","deathplace":null,"burial_date_string":null,"probably_alive":false},{"id":74,"first_name":"Kelley","last_name":"Gislason","alternate_names":null,"gender":"Male","birth_date_string":null,"death_date_string":"2001-08-23","birthplace":null,"burialplace":"Leannonland, Afghanistan","father_id":70,"mother_id":71,"current_spouse_id":null,"created_at":"2020-06-17T18:20:19.012Z","updated_at":"2020-06-17T18:20:19.021Z","bio":"I don't know.","deathplace":null,"burial_date_string":null,"probably_alive":false},{"id":75,"first_name":"Reinaldo","last_name":"Hilll","alternate_names":null,"gender":"Male","birth_date_string":null,"death_date_string":null,"birthplace":null,"burialplace":null,"father_id":70,"mother_id":71,"current_spouse_id":null,"created_at":"2020-06-17T18:20:19.026Z","updated_at":"2020-06-17T18:20:19.033Z","bio":"Tape Seinfeld for me.","deathplace":null,"burial_date_string":null,"probably_alive":false},{"id":76,"first_name":"Hector","last_name":"Daniel","alternate_names":null,"gender":"Male","birth_date_string":"1995-01-31","death_date_string":"1997-04-17","birthplace":"Robbyport, Marshall Islands","burialplace":"Tamton, Virgin Islands, British","father_id":70,"mother_id":71,"current_spouse_id":null,"created_at":"2020-06-17T18:20:19.039Z","updated_at":"2020-06-17T18:20:19.047Z","bio":"Van Halen!","deathplace":null,"burial_date_string":null,"probably_alive":false},{"id":69,"first_name":"Kam","last_name":"Fritsch","alternate_names":null,"gender":"Female","birth_date_string":null,"death_date_string":null,"birthplace":null,"burialplace":null,"father_id":54,"mother_id":68,"current_spouse_id":77,"created_at":"2020-06-17T18:20:18.936Z","updated_at":"2020-06-17T18:20:19.061Z","bio":"Strike the tent.","deathplace":null,"burial_date_string":null,"probably_alive":false},{"id":77,"first_name":"Tim","last_name":"Shanahan","alternate_names":null,"gender":"Male","birth_date_string":null,"death_date_string":"2010-06-30","birthplace":null,"burialplace":"Welchmouth, Mali","father_id":null,"mother_id":null,"current_spouse_id":69,"created_at":"2020-06-17T18:20:19.053Z","updated_at":"2020-06-17T18:20:19.067Z","bio":"Does nobody understand?","deathplace":null,"burial_date_string":null,"probably_alive":false},{"id":79,"first_name":"Julio","last_name":"Hegmann","alternate_names":null,"gender":"Male","birth_date_string":null,"death_date_string":"2011-02-08","birthplace":null,"burialplace":"Wilburchester, Armenia","father_id":77,"mother_id":69,"current_spouse_id":null,"created_at":"2020-06-17T18:20:19.096Z","updated_at":"2020-06-17T18:20:19.107Z","bio":"I am confound.","deathplace":null,"burial_date_string":null,"probably_alive":false},{"id":78,"first_name":"Jillian","last_name":"Hyatt","alternate_names":null,"gender":"Female","birth_date_string":null,"death_date_string":"1999-11-19","birthplace":null,"burialplace":"Lake Clay, South Georgia and the South Sandwich Islands","father_id":77,"mother_id":69,"current_spouse_id":80,"created_at":"2020-06-17T18:20:19.075Z","updated_at":"2020-06-17T18:20:19.124Z","bio":"I forgot something.","deathplace":null,"burial_date_string":null,"probably_alive":false},{"id":80,"first_name":"Tracy","last_name":"Hegmann","alternate_names":null,"gender":"Male","birth_date_string":null,"death_date_string":"1990-08-19","birthplace":null,"burialplace":"East Wm, Cameroon","father_id":null,"mother_id":null,"current_spouse_id":78,"created_at":"2020-06-17T18:20:19.114Z","updated_at":"2020-06-17T18:20:19.131Z","bio":"Is it not meningitis?","deathplace":null,"burial_date_string":null,"probably_alive":false},{"id":93,"first_name":"Leslie","last_name":"Schultz","alternate_names":null,"gender":"Male","birth_date_string":null,"death_date_string":null,"birthplace":null,"burialplace":null,"father_id":null,"mother_id":null,"current_spouse_id":81,"created_at":"2020-06-17T18:20:19.342Z","updated_at":"2020-06-17T18:20:19.358Z","bio":"Does nobody understand?","deathplace":null,"burial_date_string":null,"probably_alive":false},{"id":84,"first_name":"Suellen","last_name":"Armstrong","alternate_names":null,"gender":"Female","birth_date_string":"1933-11-01","death_date_string":"1937-10-29","birthplace":"Kreigerberg, Benin","burialplace":"New Karima, Liberia","father_id":83,"mother_id":82,"current_spouse_id":88,"created_at":"2020-06-17T18:20:19.190Z","updated_at":"2020-06-17T18:20:19.268Z","bio":"I want to go home.","deathplace":null,"burial_date_string":null,"probably_alive":false},{"id":90,"first_name":"Sonny","last_name":"Williamson","alternate_names":null,"gender":"Male","birth_date_string":null,"death_date_string":null,"birthplace":null,"burialplace":null,"father_id":88,"mother_id":84,"current_spouse_id":91,"created_at":"2020-06-17T18:20:19.293Z","updated_at":"2020-06-17T18:20:19.311Z","bio":"One! Two! Three!","deathplace":null,"burial_date_string":null,"probably_alive":false},{"id":88,"first_name":"Fredrick","last_name":"Crist","alternate_names":null,"gender":"Male","birth_date_string":null,"death_date_string":"2006-01-24","birthplace":null,"burialplace":"Lake Orvalmouth, Liechtenstein","father_id":null,"mother_id":null,"current_spouse_id":84,"created_at":"2020-06-17T18:20:19.260Z","updated_at":"2020-06-17T18:20:19.275Z","bio":"Strike the tent.","deathplace":null,"burial_date_string":null,"probably_alive":false},{"id":85,"first_name":"Alphonse","last_name":"Treutel","alternate_names":null,"gender":"Male","birth_date_string":"1981-10-29","death_date_string":null,"birthplace":"Rutherfordside, Saudi Arabia","burialplace":null,"father_id":83,"mother_id":82,"current_spouse_id":86,"created_at":"2020-06-17T18:20:19.208Z","updated_at":"2020-06-17T18:20:19.234Z","bio":"I am confound.","deathplace":null,"burial_date_string":null,"probably_alive":true},{"id":86,"first_name":"Corey","last_name":"Schumm","alternate_names":null,"gender":"Female","birth_date_string":null,"death_date_string":"2003-05-19","birthplace":null,"burialplace":"Freidashire, Egypt","father_id":null,"mother_id":null,"current_spouse_id":85,"created_at":"2020-06-17T18:20:19.225Z","updated_at":"2020-06-17T18:20:19.241Z","bio":"Van Halen!","deathplace":null,"burial_date_string":null,"probably_alive":false},{"id":87,"first_name":"Ahmad","last_name":"McClure","alternate_names":null,"gender":"Male","birth_date_string":null,"death_date_string":"1972-12-28","birthplace":null,"burialplace":"South Daphinetown, Sao Tome and Principe","father_id":85,"mother_id":86,"current_spouse_id":null,"created_at":"2020-06-17T18:20:19.247Z","updated_at":"2020-06-17T18:20:19.255Z","bio":"Is it not meningitis?","deathplace":null,"burial_date_string":null,"probably_alive":false},{"id":81,"first_name":"Suzette","last_name":"Medhurst","alternate_names":null,"gender":"Female","birth_date_string":null,"death_date_string":"1977-03-16","birthplace":null,"burialplace":"Port Coy, Tajikistan","father_id":80,"mother_id":78,"current_spouse_id":93,"created_at":"2020-06-17T18:20:19.138Z","updated_at":"2020-06-17T18:20:19.350Z","bio":"That's good. Go on, read some more.","deathplace":null,"burial_date_string":null,"probably_alive":false},{"id":89,"first_name":"Shandra","last_name":"Lemke","alternate_names":null,"gender":"Female","birth_date_string":"2000-04-10","death_date_string":null,"birthplace":"West Marylee, Botswana","burialplace":null,"father_id":88,"mother_id":84,"current_spouse_id":92,"created_at":"2020-06-17T18:20:19.280Z","updated_at":"2020-06-17T18:20:19.330Z","bio":"I don't know.","deathplace":null,"burial_date_string":null,"probably_alive":true},{"id":91,"first_name":"Yukiko","last_name":"Mitchell","alternate_names":null,"gender":"Female","birth_date_string":null,"death_date_string":null,"birthplace":null,"burialplace":null,"father_id":null,"mother_id":null,"current_spouse_id":90,"created_at":"2020-06-17T18:20:19.303Z","updated_at":"2020-06-17T18:20:19.317Z","bio":"Goodnight, my darlings, I'll see you tomorrow.","deathplace":null,"burial_date_string":null,"probably_alive":false},{"id":92,"first_name":"Clay","last_name":"Marquardt","alternate_names":null,"gender":"Male","birth_date_string":"1970-10-30","death_date_string":null,"birthplace":"West Sharilynbury, Western Sahara","burialplace":null,"father_id":null,"mother_id":null,"current_spouse_id":89,"created_at":"2020-06-17T18:20:19.322Z","updated_at":"2020-06-17T18:20:19.336Z","bio":"I love you.","deathplace":null,"burial_date_string":null,"probably_alive":true},{"id":94,"first_name":"Chet","last_name":"Fay","alternate_names":null,"gender":"Male","birth_date_string":null,"death_date_string":"1982-01-01","birthplace":null,"burialplace":"West Keenanberg, Palestinian Territory","father_id":93,"mother_id":81,"current_spouse_id":null,"created_at":"2020-06-17T18:20:19.364Z","updated_at":"2020-06-17T18:20:19.376Z","bio":"I love you too, honey. Good luck with your show.","deathplace":null,"burial_date_string":null,"probably_alive":false},{"id":95,"first_name":"Damaris","last_name":"Morar","alternate_names":null,"gender":"Female","birth_date_string":"1951-12-18","death_date_string":"2001-06-16","birthplace":"Duaneside, Italy","burialplace":"Toneyville, Bosnia and Herzegovina","father_id":93,"mother_id":81,"current_spouse_id":null,"created_at":"2020-06-17T18:20:19.384Z","updated_at":"2020-06-17T18:20:19.396Z","bio":"All my possessions for a moment of time.","deathplace":null,"burial_date_string":null,"probably_alive":false},{"id":96,"first_name":"Andy","last_name":"Wuckert","alternate_names":null,"gender":"Male","birth_date_string":null,"death_date_string":null,"birthplace":null,"burialplace":null,"father_id":93,"mother_id":81,"current_spouse_id":null,"created_at":"2020-06-17T18:20:19.405Z","updated_at":"2020-06-17T18:20:19.415Z","bio":"Well, this is certainly a pleasant surprise.","deathplace":null,"burial_date_string":null,"probably_alive":false},{"id":97,"first_name":"Johnathan","last_name":"Herzog","alternate_names":null,"gender":"Male","birth_date_string":"1935-05-26","death_date_string":null,"birthplace":"Manntown, Mauritania","burialplace":null,"father_id":93,"mother_id":81,"current_spouse_id":98,"created_at":"2020-06-17T18:20:19.422Z","updated_at":"2020-06-17T18:20:19.454Z","bio":"Well, this is certainly a pleasant surprise.","deathplace":null,"burial_date_string":null,"probably_alive":true},{"id":98,"first_name":"Lorine","last_name":"Krajcik","alternate_names":null,"gender":"Female","birth_date_string":null,"death_date_string":null,"birthplace":null,"burialplace":null,"father_id":null,"mother_id":null,"current_spouse_id":97,"created_at":"2020-06-17T18:20:19.444Z","updated_at":"2020-06-17T18:20:19.462Z","bio":"It's stopped.","deathplace":null,"burial_date_string":null,"probably_alive":false},{"id":99,"first_name":"Herman","last_name":"Schmitt","alternate_names":null,"gender":"Male","birth_date_string":null,"death_date_string":"2018-11-06","birthplace":null,"burialplace":"West India, Samoa","father_id":97,"mother_id":98,"current_spouse_id":null,"created_at":"2020-06-17T18:20:19.468Z","updated_at":"2020-06-17T18:20:19.484Z","bio":"All my possessions for a moment of time.","deathplace":null,"burial_date_string":null,"probably_alive":false},{"id":100,"first_name":"Erin","last_name":"Gerhold","alternate_names":null,"gender":"Male","birth_date_string":"1927-03-22","death_date_string":"1995-08-15","birthplace":"West Lindsy, Belize","burialplace":"South Ariel, Democratic People's Republic of Korea","father_id":97,"mother_id":98,"current_spouse_id":null,"created_at":"2020-06-17T18:20:19.493Z","updated_at":"2020-06-17T18:20:19.505Z","bio":"I regret that I should leave this world without again beholding him.","deathplace":null,"burial_date_string":null,"probably_alive":false}]