[{"id":1,"title":"Mr. Strickland","description":"What about all that talk about screwing up future events? The space-time continuum?","date_string":"1941-12-25","created_at":"2020-06-17T18:20:19.546Z","updated_at":"2020-06-17T18:20:21.508Z","tag_list":["amet","praesentium","repudiandae","rerum","consequatur","voluptatem","ducimus","similique"],"tagged_person_list":["28","51","31"]},{"id":2,"title":"Marty McFly","description":"Crazy drunk driver.","date_string":"1986-08-22","created_at":"2020-06-17T18:20:21.526Z","updated_at":"2020-06-17T18:20:22.092Z","tag_list":["amet","voluptatem","ducimus","suscipit","similique"],"tagged_person_list":[]},{"id":3,"title":"Goldie Wilson","description":"Jesus, George, it was a wonder I was even born.","date_string":"1959-04-13","created_at":"2020-06-17T18:20:22.101Z","updated_at":"2020-06-17T18:20:23.031Z","tag_list":["praesentium","rerum"],"tagged_person_list":["21","82","55","17"]},{"id":4,"title":"Mark Dixon","description":"Hey, come on. I had to change. Do you think I'm going back in that-that zoot suit? The old man really came through. It worked!","date_string":"1921-05-09","created_at":"2020-06-17T18:20:23.039Z","updated_at":"2020-06-17T18:20:23.850Z","tag_list":["amet","praesentium","rerum","voluptatem","ducimus","suscipit"],"tagged_person_list":["48","79","23"]},{"id":5,"title":"Dave McFly","description":"Okay. Time circuit's on. Flux capacitor, fluxing. Engine running. All right.","date_string":"2006-05-31","created_at":"2020-06-17T18:20:23.857Z","updated_at":"2020-06-17T18:20:24.677Z","tag_list":["praesentium","repudiandae","rerum","voluptatem","ducimus","suscipit","similique"],"tagged_person_list":["5","65"]},{"id":6,"title":"Marty McFly","description":"No, get out of town. My mom thinks I'm going camping with the guys. Look, Jennifer, my mother would freak out if she knew I was going out with you, and I'd get the standard lecture about how she never did that kind of stuff when she was a kid. I mean, look, I think the woman was born a nun.","date_string":"1971-10-29","created_at":"2020-06-17T18:20:24.685Z","updated_at":"2020-06-17T18:20:25.495Z","tag_list":["repudiandae","optio","voluptatem","ducimus","similique"],"tagged_person_list":["48","96","90","9"]},{"id":8,"title":"Biff Tannen","description":"I'm gonna get that son of a bitch.","date_string":"1979-06-04","created_at":"2020-06-17T18:20:26.320Z","updated_at":"2020-06-17T18:20:27.340Z","tag_list":["amet","praesentium","optio","voluptatem","suscipit","similique"],"tagged_person_list":["99","31","97","95"]},{"id":10,"title":"Dr. Emmett Brown","description":"So you're my Uncle Joey. Better get used to these bars, kid.","date_string":"","created_at":"2020-06-17T18:20:28.063Z","updated_at":"2020-06-17T18:20:28.768Z","tag_list":["amet","praesentium","optio","suscipit"],"tagged_person_list":["59","74","77","91"]},{"id":11,"title":"Biff Tannen","description":"I'm from the future. I came here in a Time Machine that you invented. Now I need your help to get back to the year 1985.","date_string":"","created_at":"2020-06-17T18:20:28.775Z","updated_at":"2020-06-17T18:20:29.450Z","tag_list":["amet","praesentium","repudiandae","rerum","consequatur","voluptatem","ducimus","suscipit","similique"],"tagged_person_list":["91","26","49"]},{"id":14,"title":"Red The Bum","description":"Damn! I'm late for school!","date_string":"","created_at":"2020-06-17T18:20:30.540Z","updated_at":"2020-06-17T18:20:31.636Z","tag_list":["repudiandae","rerum","optio","consequatur","voluptatem","suscipit","similique"],"tagged_person_list":[]},{"id":15,"title":"Lorraine Baines","description":"Dear Dr. Brown. On the night that I go back in time, you will be shot by terrorists. Please take whatever precautions are necessary to prevent this terrible disaster. Your friend, Marty.","date_string":"1965-02-21","created_at":"2020-06-17T18:20:31.694Z","updated_at":"2020-06-17T18:20:32.460Z","tag_list":["praesentium","rerum","optio","consequatur","voluptatem","ducimus","suscipit","similique"],"tagged_person_list":["82","11"]},{"id":16,"title":"Biff Tannen","description":"He's a Peeping Tom!","date_string":"1936-07-04","created_at":"2020-06-17T18:20:32.470Z","updated_at":"2020-06-17T18:20:33.684Z","tag_list":[],"tagged_person_list":[]},{"id":17,"title":"Sally Baines","description":"Are you telling me that this sucker is nuclear?","date_string":"2004-11-27","created_at":"2020-06-17T18:20:33.744Z","updated_at":"2020-06-17T18:20:34.467Z","tag_list":["amet","praesentium","rerum","optio","consequatur","voluptatem","ducimus","suscipit","similique"],"tagged_person_list":["61"]},{"id":18,"title":"George McFly","description":"Hello? Hello? Anybody home? Huh? Think, McFly. Think! I gotta have time to get them retyped. Do you realize what would happen if I hand in my reports in your handwriting? I'll get fired. You wouldn't want that to happen, would ya? Would ya?","date_string":"1969-08-08","created_at":"2020-06-17T18:20:34.476Z","updated_at":"2020-06-17T18:20:35.116Z","tag_list":["repudiandae","consequatur","ducimus","suscipit"],"tagged_person_list":["72","66"]},{"id":19,"title":"Joey Baines","description":"Hey, Dad! George! Hey, you on the bike!","date_string":"1931-07-24","created_at":"2020-06-17T18:20:35.124Z","updated_at":"2020-06-17T18:20:35.934Z","tag_list":["amet","praesentium","repudiandae","consequatur","voluptatem","similique"],"tagged_person_list":[]},{"id":20,"title":"Stella Baines","description":"Marty, will we ever see you again?","date_string":"2008-11-20","created_at":"2020-06-17T18:20:35.942Z","updated_at":"2020-06-17T18:20:38.799Z","tag_list":[],"tagged_person_list":["15","19","65"]}]